id,firstname,lastname,email,profession
100,Rhea,Anyah,Rhea.Anyah@yopmail.com,doctor
101,Sibella,Hermes,Sibella.Hermes@yopmail.com,firefighter
102,Celestyna,Raychel,Celestyna.Raychel@yopmail.com,firefighter
103,Emelina,Ailyn,Emelina.Ailyn@yopmail.com,developer
104,Briney,Raama,Briney.Raama@yopmail.com,firefighter
105,Feliza,Hubert,Feliza.Hubert@yopmail.com,firefighter
106,Maud,Wittie,Maud.Wittie@yopmail.com,developer
107,Rani,Niles,Rani.Niles@yopmail.com,firefighter
108,Binny,Pearse,Binny.Pearse@yopmail.com,doctor
109,Celisse,Vastah,Celisse.Vastah@yopmail.com,firefighter
110,Chrystel,Maroney,Chrystel.Maroney@yopmail.com,firefighter
111,Madelle,Trey,Madelle.Trey@yopmail.com,worker
112,Aurelie,Dahlia,Aurelie.Dahlia@yopmail.com,police officer
113,Tilly,Percy,Tilly.Percy@yopmail.com,developer
114,Cherilyn,Mallon,Cherilyn.Mallon@yopmail.com,worker
115,Stacey,Cassius,Stacey.Cassius@yopmail.com,developer
116,Sissy,Louanna,Sissy.Louanna@yopmail.com,doctor
117,Lizzie,Ranjiv,Lizzie.Ranjiv@yopmail.com,firefighter
118,Gratia,Izaak,Gratia.Izaak@yopmail.com,developer
119,Loree,Saree,Loree.Saree@yopmail.com,worker
120,Carmela,Mallon,Carmela.Mallon@yopmail.com,police officer
121,Maridel,Ambrosia,Maridel.Ambrosia@yopmail.com,doctor
122,Millie,Faro,Millie.Faro@yopmail.com,worker
123,Alexine,Bach,Alexine.Bach@yopmail.com,police officer
124,Blake,Karl,Blake.Karl@yopmail.com,developer
125,Marinna,Guildroy,Marinna.Guildroy@yopmail.com,police officer
126,Ardenia,Valoniah,Ardenia.Valoniah@yopmail.com,doctor
127,Edee,Vastah,Edee.Vastah@yopmail.com,developer
128,Molli,Kimmie,Molli.Kimmie@yopmail.com,worker
129,Dyann,Johanna,Dyann.Johanna@yopmail.com,police officer
130,Courtnay,Pearse,Courtnay.Pearse@yopmail.com,developer
131,Regina,Hillel,Regina.Hillel@yopmail.com,doctor
132,Julieta,Fancie,Julieta.Fancie@yopmail.com,firefighter
133,Imojean,Ogren,Imojean.Ogren@yopmail.com,police officer
134,Emma,Erminia,Emma.Erminia@yopmail.com,developer
135,Marti,Ailyn,Marti.Ailyn@yopmail.com,police officer
136,Susan,Israeli,Susan.Israeli@yopmail.com,worker
137,Basia,Jobi,Basia.Jobi@yopmail.com,firefighter
138,Cristabel,Lucienne,Cristabel.Lucienne@yopmail.com,firefighter
139,Sissy,Cath,Sissy.Cath@yopmail.com,developer
140,Donetta,Rogerio,Donetta.Rogerio@yopmail.com,police officer
141,Ericka,Brotherson,Ericka.Brotherson@yopmail.com,firefighter
142,Anica,Ethban,Anica.Ethban@yopmail.com,doctor
143,Jordan,Ax,Jordan.Ax@yopmail.com,firefighter
144,Riannon,Delila,Riannon.Delila@yopmail.com,worker
145,Marguerite,Fennessy,Marguerite.Fennessy@yopmail.com,worker
146,Elora,Terencio,Elora.Terencio@yopmail.com,doctor
147,Judy,Aurelio,Judy.Aurelio@yopmail.com,doctor
148,Frances,Donoghue,Frances.Donoghue@yopmail.com,firefighter
149,Liana,Roscoe,Liana.Roscoe@yopmail.com,developer
150,Marjie,Tamsky,Marjie.Tamsky@yopmail.com,worker
151,Renae,Leonard,Renae.Leonard@yopmail.com,doctor
152,Constance,Masao,Constance.Masao@yopmail.com,doctor
153,Harrietta,Mendez,Harrietta.Mendez@yopmail.com,worker
154,Karly,Rolf,Karly.Rolf@yopmail.com,police officer
155,Kathy,Dawkins,Kathy.Dawkins@yopmail.com,worker
156,Laurene,McLaughlin,Laurene.McLaughlin@yopmail.com,doctor
157,Liana,Maurine,Liana.Maurine@yopmail.com,police officer
158,Kamilah,Kazimir,Kamilah.Kazimir@yopmail.com,doctor
159,Paulita,Brenn,Paulita.Brenn@yopmail.com,doctor
160,Alisha,McClimans,Alisha.McClimans@yopmail.com,worker
161,Jaclyn,Argus,Jaclyn.Argus@yopmail.com,worker
162,Brooks,Felizio,Brooks.Felizio@yopmail.com,firefighter
163,Cassondra,Fennessy,Cassondra.Fennessy@yopmail.com,developer
164,Chickie,Westphal,Chickie.Westphal@yopmail.com,developer
165,Inga,Dyche,Inga.Dyche@yopmail.com,doctor
166,Emmey,Olin,Emmey.Olin@yopmail.com,worker
167,Kial,Pillsbury,Kial.Pillsbury@yopmail.com,firefighter
168,Paola,Merat,Paola.Merat@yopmail.com,firefighter
169,Renae,Martsen,Renae.Martsen@yopmail.com,worker
170,Phedra,Heidt,Phedra.Heidt@yopmail.com,firefighter
171,Nollie,Fry,Nollie.Fry@yopmail.com,worker
172,Tobe,Thornburg,Tobe.Thornburg@yopmail.com,police officer
173,Ellette,Florina,Ellette.Florina@yopmail.com,doctor
174,Aryn,Sholley,Aryn.Sholley@yopmail.com,worker
175,Joleen,Lay,Joleen.Lay@yopmail.com,developer
176,Shandie,Deny,Shandie.Deny@yopmail.com,developer
177,Brooks,Poppy,Brooks.Poppy@yopmail.com,police officer
178,Collen,Rosemary,Collen.Rosemary@yopmail.com,worker
179,Micheline,Ackerley,Micheline.Ackerley@yopmail.com,doctor
180,Basia,Pulsifer,Basia.Pulsifer@yopmail.com,developer
181,Doralynne,Millda,Doralynne.Millda@yopmail.com,firefighter
182,Elka,Jalbert,Elka.Jalbert@yopmail.com,worker
183,Caryl,Taam,Caryl.Taam@yopmail.com,doctor
184,Addia,Loeb,Addia.Loeb@yopmail.com,developer
185,Iseabal,Daveta,Iseabal.Daveta@yopmail.com,firefighter
186,Addia,Corrine,Addia.Corrine@yopmail.com,developer
187,Juliane,Alwin,Juliane.Alwin@yopmail.com,doctor
188,Leanna,Eckblad,Leanna.Eckblad@yopmail.com,firefighter
189,Madelle,Borrell,Madelle.Borrell@yopmail.com,police officer
190,Nananne,Lesley,Nananne.Lesley@yopmail.com,developer
191,Mureil,Magdalen,Mureil.Magdalen@yopmail.com,police officer
192,Fernande,Avi,Fernande.Avi@yopmail.com,firefighter
193,Valeda,Goth,Valeda.Goth@yopmail.com,police officer
194,Ursulina,Fennessy,Ursulina.Fennessy@yopmail.com,firefighter
195,Aubrie,Mitzi,Aubrie.Mitzi@yopmail.com,firefighter
196,Aubrie,Hirsch,Aubrie.Hirsch@yopmail.com,police officer
197,Maisey,Norvol,Maisey.Norvol@yopmail.com,worker
198,Maud,Viddah,Maud.Viddah@yopmail.com,worker
199,Tatiania,Noam,Tatiania.Noam@yopmail.com,police officer
200,Claudina,Atcliffe,Claudina.Atcliffe@yopmail.com,worker
201,Nananne,Kirbee,Nananne.Kirbee@yopmail.com,firefighter
202,Emmey,Colbert,Emmey.Colbert@yopmail.com,worker
203,Fawne,Rillings,Fawne.Rillings@yopmail.com,doctor
204,Madalyn,Elephus,Madalyn.Elephus@yopmail.com,firefighter
205,Marline,Wooster,Marline.Wooster@yopmail.com,developer
206,Edith,Zenas,Edith.Zenas@yopmail.com,police officer
207,Fredericka,Wittie,Fredericka.Wittie@yopmail.com,firefighter
208,Andeee,Gunn,Andeee.Gunn@yopmail.com,police officer
209,Myriam,Alfons,Myriam.Alfons@yopmail.com,doctor
210,Nollie,Suanne,Nollie.Suanne@yopmail.com,worker
211,Bill,Koziara,Bill.Koziara@yopmail.com,doctor
212,Jaime,Vale,Jaime.Vale@yopmail.com,worker
213,Aili,Boycey,Aili.Boycey@yopmail.com,developer
214,Gabi,Kellby,Gabi.Kellby@yopmail.com,doctor
215,Bobbi,Nunci,Bobbi.Nunci@yopmail.com,developer
216,Meghann,Ulphia,Meghann.Ulphia@yopmail.com,developer
217,Christy,Holtz,Christy.Holtz@yopmail.com,firefighter
218,Rochette,Edmund,Rochette.Edmund@yopmail.com,doctor
219,Clary,Thema,Clary.Thema@yopmail.com,worker
220,Candi,Cadmar,Candi.Cadmar@yopmail.com,doctor
221,Brietta,Scammon,Brietta.Scammon@yopmail.com,developer
222,Adele,Mott,Adele.Mott@yopmail.com,worker
223,Judy,Othilia,Judy.Othilia@yopmail.com,developer
224,Agnese,Middleton,Agnese.Middleton@yopmail.com,firefighter
225,Linet,Denis,Linet.Denis@yopmail.com,developer
226,Trixi,Salchunas,Trixi.Salchunas@yopmail.com,developer
227,Willetta,Juan,Willetta.Juan@yopmail.com,worker
228,Consuela,Marlie,Consuela.Marlie@yopmail.com,police officer
229,Hayley,Holtz,Hayley.Holtz@yopmail.com,worker
230,Petronia,Colyer,Petronia.Colyer@yopmail.com,police officer
231,Krystle,Pulsifer,Krystle.Pulsifer@yopmail.com,worker
232,Mahalia,Buttaro,Mahalia.Buttaro@yopmail.com,developer
233,Catharine,Odell,Catharine.Odell@yopmail.com,police officer
234,Fanchon,Wiener,Fanchon.Wiener@yopmail.com,worker
235,Belva,Angelis,Belva.Angelis@yopmail.com,firefighter
236,Rhoda,Seligman,Rhoda.Seligman@yopmail.com,worker
237,Anestassia,Yorick,Anestassia.Yorick@yopmail.com,police officer
238,Trixi,Eiser,Trixi.Eiser@yopmail.com,developer
239,Allyce,Brenn,Allyce.Brenn@yopmail.com,worker
240,Donetta,Rona,Donetta.Rona@yopmail.com,worker
241,Celestyna,Daniele,Celestyna.Daniele@yopmail.com,doctor
242,Gerianna,McClimans,Gerianna.McClimans@yopmail.com,police officer
243,Melina,Winthorpe,Melina.Winthorpe@yopmail.com,developer
244,Alejandra,Danby,Alejandra.Danby@yopmail.com,developer
245,Kylynn,Chinua,Kylynn.Chinua@yopmail.com,police officer
246,Kassey,Ummersen,Kassey.Ummersen@yopmail.com,doctor
247,Elfreda,Kamaria,Elfreda.Kamaria@yopmail.com,police officer
248,Andeee,Lewes,Andeee.Lewes@yopmail.com,police officer
249,Albertina,Pulsifer,Albertina.Pulsifer@yopmail.com,developer
250,Susan,Seagraves,Susan.Seagraves@yopmail.com,developer
251,Yetty,Drus,Yetty.Drus@yopmail.com,firefighter
252,Kerrin,Diogenes,Kerrin.Diogenes@yopmail.com,developer
253,Celisse,Fabiola,Celisse.Fabiola@yopmail.com,police officer
254,Rozele,Carri,Rozele.Carri@yopmail.com,police officer
255,Lila,Eben,Lila.Eben@yopmail.com,developer
256,Anica,Nerita,Anica.Nerita@yopmail.com,firefighter
257,Nollie,Nore,Nollie.Nore@yopmail.com,police officer
258,Margette,Demitria,Margette.Demitria@yopmail.com,worker
259,Gisela,Heisel,Gisela.Heisel@yopmail.com,developer
260,Nadine,Uund,Nadine.Uund@yopmail.com,developer
261,Helena,Winthorpe,Helena.Winthorpe@yopmail.com,firefighter
262,Joelly,Edvard,Joelly.Edvard@yopmail.com,worker
263,Ingrid,Vastah,Ingrid.Vastah@yopmail.com,developer
264,Dianemarie,Doig,Dianemarie.Doig@yopmail.com,doctor
265,Katleen,Tacye,Katleen.Tacye@yopmail.com,police officer
266,Augustine,Tomasina,Augustine.Tomasina@yopmail.com,worker
267,Dolli,Cristi,Dolli.Cristi@yopmail.com,firefighter
268,Lacie,Ciro,Lacie.Ciro@yopmail.com,developer
269,Brana,Bergman,Brana.Bergman@yopmail.com,police officer
270,Priscilla,McGrody,Priscilla.McGrody@yopmail.com,doctor
271,Annice,Obed,Annice.Obed@yopmail.com,doctor
272,Aryn,August,Aryn.August@yopmail.com,police officer
273,Jobi,Dowski,Jobi.Dowski@yopmail.com,firefighter
274,Aaren,Gale,Aaren.Gale@yopmail.com,police officer
275,Elmira,Pyle,Elmira.Pyle@yopmail.com,doctor
276,Tomasina,Grosz,Tomasina.Grosz@yopmail.com,police officer
277,Catrina,Posner,Catrina.Posner@yopmail.com,developer
278,Dorothy,Vittoria,Dorothy.Vittoria@yopmail.com,police officer
279,Kirstin,Cordi,Kirstin.Cordi@yopmail.com,developer
280,Viviene,Bonilla,Viviene.Bonilla@yopmail.com,firefighter
281,Ellette,Primalia,Ellette.Primalia@yopmail.com,doctor
282,Shannah,Cookie,Shannah.Cookie@yopmail.com,worker
283,Vere,Sasnett,Vere.Sasnett@yopmail.com,doctor
284,Lacie,Kevon,Lacie.Kevon@yopmail.com,worker
285,Johna,Montgomery,Johna.Montgomery@yopmail.com,developer
286,Lesly,Tayib,Lesly.Tayib@yopmail.com,developer
287,Nita,Peti,Nita.Peti@yopmail.com,doctor
288,Lynea,Wolfgram,Lynea.Wolfgram@yopmail.com,developer
289,Quintina,Tamar,Quintina.Tamar@yopmail.com,firefighter
290,Shell,Cohdwell,Shell.Cohdwell@yopmail.com,firefighter
291,Georgetta,Dulciana,Georgetta.Dulciana@yopmail.com,firefighter
292,Janis,Isacco,Janis.Isacco@yopmail.com,doctor
293,Donetta,Toni,Donetta.Toni@yopmail.com,firefighter
294,Sara-Ann,Concha,Sara-Ann.Concha@yopmail.com,firefighter
295,Modestia,Chobot,Modestia.Chobot@yopmail.com,developer
296,Randa,Pandolfi,Randa.Pandolfi@yopmail.com,developer
297,Gisela,Horan,Gisela.Horan@yopmail.com,developer
298,Molli,Olnee,Molli.Olnee@yopmail.com,worker
299,Elyssa,Lia,Elyssa.Lia@yopmail.com,worker
300,Patricia,Byrne,Patricia.Byrne@yopmail.com,police officer
301,Daryl,Greyson,Daryl.Greyson@yopmail.com,firefighter
302,Lucille,Jagir,Lucille.Jagir@yopmail.com,firefighter
303,Stephanie,Sinegold,Stephanie.Sinegold@yopmail.com,firefighter
304,Renae,Zeeba,Renae.Zeeba@yopmail.com,police officer
305,Nariko,Gilbertson,Nariko.Gilbertson@yopmail.com,police officer
306,Evaleen,Talia,Evaleen.Talia@yopmail.com,police officer
307,Meg,Bandeen,Meg.Bandeen@yopmail.com,firefighter
308,Flo,Whittaker,Flo.Whittaker@yopmail.com,worker
309,Celisse,Pattin,Celisse.Pattin@yopmail.com,doctor
310,Maye,Lytton,Maye.Lytton@yopmail.com,doctor
311,Nikki,Lubin,Nikki.Lubin@yopmail.com,doctor
312,Lily,Susannah,Lily.Susannah@yopmail.com,doctor
313,Andeee,Wilkinson,Andeee.Wilkinson@yopmail.com,worker
314,Carly,Germann,Carly.Germann@yopmail.com,developer
315,Gerrie,Hanshaw,Gerrie.Hanshaw@yopmail.com,firefighter
316,Mara,Gower,Mara.Gower@yopmail.com,worker
317,Doralynne,Martsen,Doralynne.Martsen@yopmail.com,developer
318,Vanessa,Eckblad,Vanessa.Eckblad@yopmail.com,firefighter
319,Layla,Sherfield,Layla.Sherfield@yopmail.com,firefighter
320,Joane,Dalli,Joane.Dalli@yopmail.com,doctor
321,Anthia,Mendez,Anthia.Mendez@yopmail.com,police officer
322,Myrtice,Talia,Myrtice.Talia@yopmail.com,doctor
323,Marcelline,Jeanne,Marcelline.Jeanne@yopmail.com,firefighter
324,Siana,Suk,Siana.Suk@yopmail.com,doctor
325,Trudie,Clarissa,Trudie.Clarissa@yopmail.com,developer
326,Gwyneth,Keily,Gwyneth.Keily@yopmail.com,worker
327,Jean,Frodi,Jean.Frodi@yopmail.com,police officer
328,Annabela,Shama,Annabela.Shama@yopmail.com,police officer
329,Beverley,Lasley,Beverley.Lasley@yopmail.com,worker
330,Janenna,Casimir,Janenna.Casimir@yopmail.com,worker
331,Winny,Ferrell,Winny.Ferrell@yopmail.com,doctor
332,Corina,Suzetta,Corina.Suzetta@yopmail.com,worker
333,Brana,Ochs,Brana.Ochs@yopmail.com,police officer
334,Michaelina,Macey,Michaelina.Macey@yopmail.com,developer
335,Jorry,Clie,Jorry.Clie@yopmail.com,police officer
336,Mahalia,Atonsah,Mahalia.Atonsah@yopmail.com,firefighter
337,Daryl,Ralfston,Daryl.Ralfston@yopmail.com,developer
338,Raf,Schenck,Raf.Schenck@yopmail.com,worker
339,Eugine,Bibi,Eugine.Bibi@yopmail.com,police officer
340,Robbi,Selway,Robbi.Selway@yopmail.com,worker
341,Rayna,Bennie,Rayna.Bennie@yopmail.com,police officer
342,Diena,Chabot,Diena.Chabot@yopmail.com,worker
343,Mariann,Meter,Mariann.Meter@yopmail.com,worker
344,Christal,Yate,Christal.Yate@yopmail.com,police officer
345,Jinny,Kendrick,Jinny.Kendrick@yopmail.com,police officer
346,Kristina,Lenny,Kristina.Lenny@yopmail.com,police officer
347,Kathy,O'Carroll,Kathy.O'Carroll@yopmail.com,worker
348,Nickie,Oneida,Nickie.Oneida@yopmail.com,developer
349,Dorice,Erb,Dorice.Erb@yopmail.com,worker
350,Nelle,Orelee,Nelle.Orelee@yopmail.com,doctor
351,Nanete,Hurley,Nanete.Hurley@yopmail.com,firefighter
352,Max,Gale,Max.Gale@yopmail.com,worker
353,Sara-Ann,Amasa,Sara-Ann.Amasa@yopmail.com,worker
354,Jordan,Nea,Jordan.Nea@yopmail.com,worker
355,Selia,Loring,Selia.Loring@yopmail.com,firefighter
356,Tera,Krystle,Tera.Krystle@yopmail.com,firefighter
357,Addia,Wittie,Addia.Wittie@yopmail.com,developer
358,Darlleen,Stephie,Darlleen.Stephie@yopmail.com,police officer
359,Atlanta,Cohdwell,Atlanta.Cohdwell@yopmail.com,worker
360,Deane,Ferino,Deane.Ferino@yopmail.com,firefighter
361,Yolane,Geffner,Yolane.Geffner@yopmail.com,worker
362,Dyann,Dash,Dyann.Dash@yopmail.com,police officer
363,Farrah,Dash,Farrah.Dash@yopmail.com,doctor
364,Anthia,Lytton,Anthia.Lytton@yopmail.com,worker
365,Charmaine,Talia,Charmaine.Talia@yopmail.com,worker
366,Elyssa,Serilda,Elyssa.Serilda@yopmail.com,police officer
367,Jeanna,Heidt,Jeanna.Heidt@yopmail.com,worker
368,Karina,Ball,Karina.Ball@yopmail.com,firefighter
369,Lusa,Jeanne,Lusa.Jeanne@yopmail.com,doctor
370,Cam,Schonfeld,Cam.Schonfeld@yopmail.com,doctor
371,Moyna,Trace,Moyna.Trace@yopmail.com,doctor
372,Binny,Lorain,Binny.Lorain@yopmail.com,doctor
373,Marti,Atonsah,Marti.Atonsah@yopmail.com,developer
374,Ann-Marie,Gamaliel,Ann-Marie.Gamaliel@yopmail.com,doctor
375,Abbie,Adalbert,Abbie.Adalbert@yopmail.com,worker
376,Merrie,Monk,Merrie.Monk@yopmail.com,doctor
377,Charissa,Weinreb,Charissa.Weinreb@yopmail.com,police officer
378,Lucy,Firmin,Lucy.Firmin@yopmail.com,worker
379,Jackie,Nelsen,Jackie.Nelsen@yopmail.com,worker
380,Joeann,Pillsbury,Joeann.Pillsbury@yopmail.com,doctor
381,Gusty,Elvyn,Gusty.Elvyn@yopmail.com,worker
382,Annecorinne,Masao,Annecorinne.Masao@yopmail.com,worker
383,Maye,Rugen,Maye.Rugen@yopmail.com,doctor
384,Petronia,Grosz,Petronia.Grosz@yopmail.com,worker
385,Rochette,Poppy,Rochette.Poppy@yopmail.com,developer
386,Louella,Adalbert,Louella.Adalbert@yopmail.com,worker
387,Thalia,McCutcheon,Thalia.McCutcheon@yopmail.com,developer
388,June,Bendick,June.Bendick@yopmail.com,worker
389,Cherrita,Amand,Cherrita.Amand@yopmail.com,police officer
390,Gilda,Cutlerr,Gilda.Cutlerr@yopmail.com,police officer
391,Candy,Bates,Candy.Bates@yopmail.com,developer
392,Frank,Winthorpe,Frank.Winthorpe@yopmail.com,firefighter
393,Tani,Travax,Tani.Travax@yopmail.com,doctor
394,Wendi,Janith,Wendi.Janith@yopmail.com,doctor
395,Brynna,Cimbura,Brynna.Cimbura@yopmail.com,worker
396,Karena,Etom,Karena.Etom@yopmail.com,doctor
397,Mahalia,Barbey,Mahalia.Barbey@yopmail.com,doctor
398,Jean,Norvol,Jean.Norvol@yopmail.com,developer
399,Donetta,Bohlin,Donetta.Bohlin@yopmail.com,developer
400,Alejandra,Persse,Alejandra.Persse@yopmail.com,doctor
401,Annice,Ulphia,Annice.Ulphia@yopmail.com,doctor
402,Harmonia,Leifeste,Harmonia.Leifeste@yopmail.com,developer
403,Dulcinea,Dorcy,Dulcinea.Dorcy@yopmail.com,developer
404,Lyssa,Helfand,Lyssa.Helfand@yopmail.com,doctor
405,Courtnay,Hebner,Courtnay.Hebner@yopmail.com,worker
406,Verla,Nedrud,Verla.Nedrud@yopmail.com,developer
407,Rhoda,Lenny,Rhoda.Lenny@yopmail.com,firefighter
408,Joane,Halsey,Joane.Halsey@yopmail.com,doctor
409,Meriel,Cullin,Meriel.Cullin@yopmail.com,firefighter
410,Tonia,Arne,Tonia.Arne@yopmail.com,firefighter
411,Cyb,Destinee,Cyb.Destinee@yopmail.com,police officer
412,Christian,Codding,Christian.Codding@yopmail.com,firefighter
413,Dianemarie,Karl,Dianemarie.Karl@yopmail.com,worker
414,Jobi,Damarra,Jobi.Damarra@yopmail.com,doctor
415,Patricia,Yam,Patricia.Yam@yopmail.com,doctor
416,Karena,Meli,Karena.Meli@yopmail.com,developer
417,Shell,Posner,Shell.Posner@yopmail.com,police officer
418,Karolina,Dyche,Karolina.Dyche@yopmail.com,worker
419,Chloris,Zuzana,Chloris.Zuzana@yopmail.com,police officer
420,Larine,Henrie,Larine.Henrie@yopmail.com,worker
421,Zaria,Gualtiero,Zaria.Gualtiero@yopmail.com,police officer
422,Asia,Annice,Asia.Annice@yopmail.com,police officer
423,Laure,Melan,Laure.Melan@yopmail.com,worker
424,Jessy,Brunell,Jessy.Brunell@yopmail.com,developer
425,Maisey,Kinnard,Maisey.Kinnard@yopmail.com,developer
426,Leontine,Bertold,Leontine.Bertold@yopmail.com,firefighter
427,Kimberley,Charmine,Kimberley.Charmine@yopmail.com,doctor
428,Winny,Cherianne,Winny.Cherianne@yopmail.com,police officer
429,Amalie,Catie,Amalie.Catie@yopmail.com,developer
430,Maurene,Bivins,Maurene.Bivins@yopmail.com,doctor
431,Leeanne,Jobi,Leeanne.Jobi@yopmail.com,developer
432,Mary,Sothena,Mary.Sothena@yopmail.com,police officer
433,Concettina,Curren,Concettina.Curren@yopmail.com,developer
434,Ronna,Waite,Ronna.Waite@yopmail.com,worker
435,Jacquetta,Ogren,Jacquetta.Ogren@yopmail.com,worker
436,Adore,Tybald,Adore.Tybald@yopmail.com,police officer
437,Barbara,Graig,Barbara.Graig@yopmail.com,firefighter
438,Aigneis,Anis,Aigneis.Anis@yopmail.com,firefighter
439,Rozele,Oster,Rozele.Oster@yopmail.com,worker
440,Elfreda,Allys,Elfreda.Allys@yopmail.com,developer
441,Cathyleen,Girardo,Cathyleen.Girardo@yopmail.com,worker
442,Frank,Konyn,Frank.Konyn@yopmail.com,worker
443,Fidelia,Albertine,Fidelia.Albertine@yopmail.com,developer
444,Teddie,Guildroy,Teddie.Guildroy@yopmail.com,firefighter
445,Belinda,Hoban,Belinda.Hoban@yopmail.com,developer
446,Krystle,Marden,Krystle.Marden@yopmail.com,worker
447,Dianemarie,Idelia,Dianemarie.Idelia@yopmail.com,doctor
448,Krystle,Zaslow,Krystle.Zaslow@yopmail.com,police officer
449,Nyssa,Mintz,Nyssa.Mintz@yopmail.com,firefighter
450,Katleen,Penelopa,Katleen.Penelopa@yopmail.com,developer
451,Winifred,MacIntosh,Winifred.MacIntosh@yopmail.com,firefighter
452,Edith,Donoghue,Edith.Donoghue@yopmail.com,developer
453,Paulita,Eno,Paulita.Eno@yopmail.com,doctor
454,Molli,Kare,Molli.Kare@yopmail.com,doctor
455,Keelia,Chick,Keelia.Chick@yopmail.com,worker
456,Dari,Sprage,Dari.Sprage@yopmail.com,firefighter
457,Ardeen,Durware,Ardeen.Durware@yopmail.com,firefighter
458,Kaja,Edison,Kaja.Edison@yopmail.com,worker
459,Heddie,Neva,Heddie.Neva@yopmail.com,worker
460,Alex,Chrystel,Alex.Chrystel@yopmail.com,firefighter
461,Catrina,Schalles,Catrina.Schalles@yopmail.com,firefighter
462,Kerrin,Mitzi,Kerrin.Mitzi@yopmail.com,worker
463,Britte,Annabella,Britte.Annabella@yopmail.com,firefighter
464,Carly,Cornelia,Carly.Cornelia@yopmail.com,police officer
465,Hildegaard,Plato,Hildegaard.Plato@yopmail.com,doctor
466,Riannon,Cath,Riannon.Cath@yopmail.com,doctor
467,Joleen,Martsen,Joleen.Martsen@yopmail.com,worker
468,Hollie,Orelee,Hollie.Orelee@yopmail.com,firefighter
469,Angelique,Revkah,Angelique.Revkah@yopmail.com,worker
470,Loree,Suzetta,Loree.Suzetta@yopmail.com,worker
471,Corly,Palocz,Corly.Palocz@yopmail.com,developer
472,Sara-Ann,Sherrie,Sara-Ann.Sherrie@yopmail.com,police officer
473,Ekaterina,LaRue,Ekaterina.LaRue@yopmail.com,police officer
474,Carmela,Gavrila,Carmela.Gavrila@yopmail.com,worker
475,Mureil,Skurnik,Mureil.Skurnik@yopmail.com,police officer
476,Deane,Evvie,Deane.Evvie@yopmail.com,developer
477,Glynnis,Iaverne,Glynnis.Iaverne@yopmail.com,doctor
478,Jobi,Erminia,Jobi.Erminia@yopmail.com,police officer
479,Bobinette,Frendel,Bobinette.Frendel@yopmail.com,doctor
480,Katharina,Whiffen,Katharina.Whiffen@yopmail.com,doctor
481,Sonni,Jerald,Sonni.Jerald@yopmail.com,worker
482,Max,Angelis,Max.Angelis@yopmail.com,doctor
483,Neila,Colleen,Neila.Colleen@yopmail.com,doctor
484,Candi,Percy,Candi.Percy@yopmail.com,doctor
485,Marti,Juan,Marti.Juan@yopmail.com,developer
486,Lily,Bohlin,Lily.Bohlin@yopmail.com,doctor
487,Andeee,Lilybelle,Andeee.Lilybelle@yopmail.com,police officer
488,Lucille,Auberbach,Lucille.Auberbach@yopmail.com,doctor
489,Sheree,Suzetta,Sheree.Suzetta@yopmail.com,developer
490,Genovera,Obed,Genovera.Obed@yopmail.com,worker
491,Tobe,Suanne,Tobe.Suanne@yopmail.com,police officer
492,Raf,Raychel,Raf.Raychel@yopmail.com,worker
493,Carmencita,Mintz,Carmencita.Mintz@yopmail.com,developer
494,Jacenta,Argus,Jacenta.Argus@yopmail.com,doctor
495,Frieda,Crudden,Frieda.Crudden@yopmail.com,developer
496,Hermione,Brieta,Hermione.Brieta@yopmail.com,developer
497,Mara,Sancho,Mara.Sancho@yopmail.com,firefighter
498,Lolita,Gusella,Lolita.Gusella@yopmail.com,doctor
499,Eadie,Terrence,Eadie.Terrence@yopmail.com,police officer
500,Blinni,Hessler,Blinni.Hessler@yopmail.com,worker
501,Roseline,Candy,Roseline.Candy@yopmail.com,doctor
502,Tabbatha,Eno,Tabbatha.Eno@yopmail.com,police officer
503,Lelah,Sinegold,Lelah.Sinegold@yopmail.com,doctor
504,Rosabelle,Gamaliel,Rosabelle.Gamaliel@yopmail.com,police officer
505,Annora,Torray,Annora.Torray@yopmail.com,developer
506,Deedee,Kazimir,Deedee.Kazimir@yopmail.com,doctor
507,Althea,Aaberg,Althea.Aaberg@yopmail.com,police officer
508,Flo,Martsen,Flo.Martsen@yopmail.com,developer
509,Paulita,Boehike,Paulita.Boehike@yopmail.com,doctor
510,Margarette,Gamaliel,Margarette.Gamaliel@yopmail.com,firefighter
511,Pearline,Bultman,Pearline.Bultman@yopmail.com,doctor
512,Frank,Briney,Frank.Briney@yopmail.com,doctor
513,Angela,Alfons,Angela.Alfons@yopmail.com,developer
514,Cherrita,Alfons,Cherrita.Alfons@yopmail.com,doctor
515,Katharina,Freddi,Katharina.Freddi@yopmail.com,police officer
516,Minne,Madox,Minne.Madox@yopmail.com,developer
517,Hildegaard,Fillbert,Hildegaard.Fillbert@yopmail.com,police officer
518,Jacenta,Girardo,Jacenta.Girardo@yopmail.com,doctor
519,Chrystel,Daveta,Chrystel.Daveta@yopmail.com,worker
520,Juliane,Sikorski,Juliane.Sikorski@yopmail.com,developer
521,Dorice,Salchunas,Dorice.Salchunas@yopmail.com,firefighter
522,Sandie,Carri,Sandie.Carri@yopmail.com,doctor
523,Alyssa,Margarete,Alyssa.Margarete@yopmail.com,doctor
524,Genovera,Myrilla,Genovera.Myrilla@yopmail.com,worker
525,Gui,Krystle,Gui.Krystle@yopmail.com,developer
526,Meghann,Helfand,Meghann.Helfand@yopmail.com,worker
527,Jacenta,Sikorski,Jacenta.Sikorski@yopmail.com,police officer
528,Gwenneth,Meli,Gwenneth.Meli@yopmail.com,firefighter
529,Lorne,Bertold,Lorne.Bertold@yopmail.com,police officer
530,Kelly,Paine,Kelly.Paine@yopmail.com,police officer
531,Sharlene,Scammon,Sharlene.Scammon@yopmail.com,firefighter
532,Annice,Auberbach,Annice.Auberbach@yopmail.com,doctor
533,Cristabel,Hilbert,Cristabel.Hilbert@yopmail.com,developer
534,Romona,Astra,Romona.Astra@yopmail.com,firefighter
535,Coral,Shirberg,Coral.Shirberg@yopmail.com,worker
536,Tatiania,O'Rourke,Tatiania.O'Rourke@yopmail.com,police officer
537,Elmira,Lane,Elmira.Lane@yopmail.com,worker
538,Janeczka,Sacken,Janeczka.Sacken@yopmail.com,police officer
539,Estell,Francyne,Estell.Francyne@yopmail.com,firefighter
540,Joceline,Beebe,Joceline.Beebe@yopmail.com,developer
541,Arlina,Oneida,Arlina.Oneida@yopmail.com,doctor
542,Tera,Astra,Tera.Astra@yopmail.com,developer
543,Cissiee,Meli,Cissiee.Meli@yopmail.com,developer
544,Agathe,Noelyn,Agathe.Noelyn@yopmail.com,police officer
545,Carly,Toor,Carly.Toor@yopmail.com,developer
546,Regina,Jobi,Regina.Jobi@yopmail.com,doctor
547,Hildegaard,Elisha,Hildegaard.Elisha@yopmail.com,doctor
548,Corina,Bates,Corina.Bates@yopmail.com,developer
549,Cherilyn,Jerold,Cherilyn.Jerold@yopmail.com,developer
550,Brooks,Ingra,Brooks.Ingra@yopmail.com,worker
551,Nicoli,Quent,Nicoli.Quent@yopmail.com,worker
552,Clementine,McNully,Clementine.McNully@yopmail.com,firefighter
553,Daphne,Donell,Daphne.Donell@yopmail.com,doctor
554,Fayre,Hartnett,Fayre.Hartnett@yopmail.com,police officer
555,Suzette,Ambrosia,Suzette.Ambrosia@yopmail.com,firefighter
556,Rhea,Pierette,Rhea.Pierette@yopmail.com,developer
557,Raina,Kaete,Raina.Kaete@yopmail.com,police officer
558,Abbie,Brenn,Abbie.Brenn@yopmail.com,doctor
559,Anthia,Drus,Anthia.Drus@yopmail.com,worker
560,Alie,Sasnett,Alie.Sasnett@yopmail.com,worker
561,Roberta,Hewitt,Roberta.Hewitt@yopmail.com,firefighter
562,Gertrud,Philipp,Gertrud.Philipp@yopmail.com,worker
563,Tatiania,Ilka,Tatiania.Ilka@yopmail.com,doctor
564,Daphne,Lorain,Daphne.Lorain@yopmail.com,doctor
565,Eadie,Gabrielli,Eadie.Gabrielli@yopmail.com,doctor
566,Althea,Wildermuth,Althea.Wildermuth@yopmail.com,worker
567,Sissy,Georas,Sissy.Georas@yopmail.com,developer
568,Nessie,Yorick,Nessie.Yorick@yopmail.com,police officer
569,Melina,Mandler,Melina.Mandler@yopmail.com,police officer
570,Ermengarde,Jena,Ermengarde.Jena@yopmail.com,firefighter
571,Andree,Cohdwell,Andree.Cohdwell@yopmail.com,firefighter
572,Karly,Devlen,Karly.Devlen@yopmail.com,developer
573,Lindie,Janith,Lindie.Janith@yopmail.com,police officer
574,Glynnis,Harl,Glynnis.Harl@yopmail.com,doctor
575,Marita,Serilda,Marita.Serilda@yopmail.com,developer
576,Melisent,Revkah,Melisent.Revkah@yopmail.com,developer
577,Dorice,Wildermuth,Dorice.Wildermuth@yopmail.com,developer
578,Lyssa,Macey,Lyssa.Macey@yopmail.com,police officer
579,Kara-Lynn,Weaks,Kara-Lynn.Weaks@yopmail.com,doctor
580,Alisha,Woodberry,Alisha.Woodberry@yopmail.com,doctor
581,Kristan,Kunin,Kristan.Kunin@yopmail.com,firefighter
582,Merci,Alfons,Merci.Alfons@yopmail.com,police officer
583,Marylou,Dimitris,Marylou.Dimitris@yopmail.com,police officer
584,Beth,Wittie,Beth.Wittie@yopmail.com,doctor
585,Sybille,Bury,Sybille.Bury@yopmail.com,developer
586,Kary,Federica,Kary.Federica@yopmail.com,doctor
587,Sharai,Jaylene,Sharai.Jaylene@yopmail.com,firefighter
588,Gaylene,Hermes,Gaylene.Hermes@yopmail.com,firefighter
589,Tierney,Sophronia,Tierney.Sophronia@yopmail.com,police officer
590,Dione,Oriana,Dione.Oriana@yopmail.com,firefighter
591,Catharine,Isacco,Catharine.Isacco@yopmail.com,worker
592,Clementine,Decato,Clementine.Decato@yopmail.com,police officer
593,Ofilia,My,Ofilia.My@yopmail.com,firefighter
594,Allis,Slifka,Allis.Slifka@yopmail.com,developer
595,Ardys,Paton,Ardys.Paton@yopmail.com,firefighter
596,Aili,Luhe,Aili.Luhe@yopmail.com,police officer
597,Michaelina,Evvie,Michaelina.Evvie@yopmail.com,firefighter
598,Nelle,Ciapas,Nelle.Ciapas@yopmail.com,doctor
599,Lulita,Loring,Lulita.Loring@yopmail.com,developer
600,Annecorinne,Eldrid,Annecorinne.Eldrid@yopmail.com,developer
601,Wilma,Lumbard,Wilma.Lumbard@yopmail.com,police officer
602,Elyssa,Helfand,Elyssa.Helfand@yopmail.com,police officer
603,Evita,Madox,Evita.Madox@yopmail.com,worker
604,Kore,Poppy,Kore.Poppy@yopmail.com,doctor
605,Ethel,Carlson,Ethel.Carlson@yopmail.com,doctor
606,Goldie,Wind,Goldie.Wind@yopmail.com,worker
607,Celene,Taima,Celene.Taima@yopmail.com,firefighter
608,Lulita,Anderea,Lulita.Anderea@yopmail.com,developer
609,Benita,Carvey,Benita.Carvey@yopmail.com,firefighter
610,Jan,Lamoree,Jan.Lamoree@yopmail.com,firefighter
611,Jacquetta,Zitvaa,Jacquetta.Zitvaa@yopmail.com,doctor
612,Alisha,Reneta,Alisha.Reneta@yopmail.com,developer
613,Cassandra,Jammal,Cassandra.Jammal@yopmail.com,doctor
614,Konstance,Mike,Konstance.Mike@yopmail.com,police officer
615,Lila,Lowry,Lila.Lowry@yopmail.com,firefighter
616,Molli,Iiette,Molli.Iiette@yopmail.com,doctor
617,Jaclyn,Vins,Jaclyn.Vins@yopmail.com,firefighter
618,Kimmy,Eugenia,Kimmy.Eugenia@yopmail.com,doctor
619,Ida,Hepsibah,Ida.Hepsibah@yopmail.com,developer
620,Feliza,Wittie,Feliza.Wittie@yopmail.com,developer
621,Donnie,Delila,Donnie.Delila@yopmail.com,worker
622,Ermengarde,Schlosser,Ermengarde.Schlosser@yopmail.com,developer
623,Nyssa,Behre,Nyssa.Behre@yopmail.com,firefighter
624,Shandie,Kimmie,Shandie.Kimmie@yopmail.com,worker
625,Isa,Kannry,Isa.Kannry@yopmail.com,worker
626,Donnie,Alisia,Donnie.Alisia@yopmail.com,firefighter
627,Ayn,Olnee,Ayn.Olnee@yopmail.com,firefighter
628,Nessie,Karylin,Nessie.Karylin@yopmail.com,firefighter
629,Lelah,Rudolph,Lelah.Rudolph@yopmail.com,firefighter
630,Karlee,Faria,Karlee.Faria@yopmail.com,worker
631,Korrie,Helve,Korrie.Helve@yopmail.com,worker
632,Verla,Ioab,Verla.Ioab@yopmail.com,developer
633,Roslyn,Gwenore,Roslyn.Gwenore@yopmail.com,developer
634,Nanete,Hanleigh,Nanete.Hanleigh@yopmail.com,firefighter
635,Minne,Tannie,Minne.Tannie@yopmail.com,developer
636,Jan,August,Jan.August@yopmail.com,doctor
637,Ana,Belanger,Ana.Belanger@yopmail.com,developer
638,Elena,Alarise,Elena.Alarise@yopmail.com,worker
639,Beatriz,Helve,Beatriz.Helve@yopmail.com,developer
640,Liana,Eugenia,Liana.Eugenia@yopmail.com,developer
641,Peri,Kress,Peri.Kress@yopmail.com,police officer
642,Merrie,Wu,Merrie.Wu@yopmail.com,worker
643,Ernesta,Glovsky,Ernesta.Glovsky@yopmail.com,developer
644,Fredericka,Alrich,Fredericka.Alrich@yopmail.com,worker
645,Philis,Havens,Philis.Havens@yopmail.com,developer
646,Cherilyn,Gamaliel,Cherilyn.Gamaliel@yopmail.com,firefighter
647,Penelopa,Hurley,Penelopa.Hurley@yopmail.com,doctor
648,Maisey,Willie,Maisey.Willie@yopmail.com,developer
649,Carmencita,Thomasina,Carmencita.Thomasina@yopmail.com,developer
650,Brietta,Brodench,Brietta.Brodench@yopmail.com,worker
651,Elie,Lacombe,Elie.Lacombe@yopmail.com,worker
652,Tamqrah,Zamora,Tamqrah.Zamora@yopmail.com,developer
653,Stephanie,Clywd,Stephanie.Clywd@yopmail.com,doctor
654,Elka,Hoenack,Elka.Hoenack@yopmail.com,firefighter
655,Madalyn,Gabrielli,Madalyn.Gabrielli@yopmail.com,firefighter
656,Dotty,Cloris,Dotty.Cloris@yopmail.com,doctor
657,Grier,Prober,Grier.Prober@yopmail.com,worker
658,Amelia,Fadiman,Amelia.Fadiman@yopmail.com,doctor
659,Madelle,Philoo,Madelle.Philoo@yopmail.com,worker
660,Arabel,Verger,Arabel.Verger@yopmail.com,worker
661,Rani,Truc,Rani.Truc@yopmail.com,firefighter
662,Mildrid,Dichy,Mildrid.Dichy@yopmail.com,worker
663,Georgina,Christine,Georgina.Christine@yopmail.com,firefighter
664,Blake,Erminia,Blake.Erminia@yopmail.com,doctor
665,Priscilla,Tybald,Priscilla.Tybald@yopmail.com,firefighter
666,Lisette,Rosemary,Lisette.Rosemary@yopmail.com,doctor
667,Daune,Bettine,Daune.Bettine@yopmail.com,developer
668,Madeleine,Donoghue,Madeleine.Donoghue@yopmail.com,police officer
669,Vere,Horan,Vere.Horan@yopmail.com,police officer
670,Korrie,Nisbet,Korrie.Nisbet@yopmail.com,worker
671,Kathy,Concha,Kathy.Concha@yopmail.com,police officer
672,Melina,Dominy,Melina.Dominy@yopmail.com,doctor
673,Peri,Marsden,Peri.Marsden@yopmail.com,worker
674,Doralynne,Arne,Doralynne.Arne@yopmail.com,police officer
675,Eve,Chem,Eve.Chem@yopmail.com,police officer
676,Carlie,Sidonius,Carlie.Sidonius@yopmail.com,doctor
677,Carolina,Oneida,Carolina.Oneida@yopmail.com,police officer
678,Nataline,Devlen,Nataline.Devlen@yopmail.com,firefighter
679,Roz,Yoko,Roz.Yoko@yopmail.com,firefighter
680,Fina,Ralfston,Fina.Ralfston@yopmail.com,worker
681,Ronna,Maples,Ronna.Maples@yopmail.com,developer
682,Leontine,Bergman,Leontine.Bergman@yopmail.com,worker
683,Latisha,Pitt,Latisha.Pitt@yopmail.com,worker
684,Kristan,Serilda,Kristan.Serilda@yopmail.com,doctor
685,Rosanne,Rebecka,Rosanne.Rebecka@yopmail.com,doctor
686,Kayla,Romelda,Kayla.Romelda@yopmail.com,developer
687,Paule,Masao,Paule.Masao@yopmail.com,doctor
688,Amalie,Jary,Amalie.Jary@yopmail.com,firefighter
689,Viki,Baudin,Viki.Baudin@yopmail.com,worker
690,Althea,Dimitris,Althea.Dimitris@yopmail.com,doctor
691,Lynea,Hillel,Lynea.Hillel@yopmail.com,worker
692,Theodora,Rosemary,Theodora.Rosemary@yopmail.com,doctor
693,June,Etom,June.Etom@yopmail.com,worker
694,Mildrid,Talia,Mildrid.Talia@yopmail.com,firefighter
695,Felice,Mullane,Felice.Mullane@yopmail.com,police officer
696,Yvonne,Shuler,Yvonne.Shuler@yopmail.com,firefighter
697,Ilse,Lareena,Ilse.Lareena@yopmail.com,police officer
698,Emilia,Johanna,Emilia.Johanna@yopmail.com,developer
699,Dede,Rugen,Dede.Rugen@yopmail.com,worker
700,Ileana,Gualtiero,Ileana.Gualtiero@yopmail.com,doctor
701,Harrietta,Valoniah,Harrietta.Valoniah@yopmail.com,worker
702,Glenda,Tice,Glenda.Tice@yopmail.com,worker
703,Lucy,Medrek,Lucy.Medrek@yopmail.com,police officer
704,Chickie,Whittaker,Chickie.Whittaker@yopmail.com,police officer
705,Diena,Ardeha,Diena.Ardeha@yopmail.com,firefighter
706,Joleen,Francyne,Joleen.Francyne@yopmail.com,police officer
707,Dorene,Elephus,Dorene.Elephus@yopmail.com,worker
708,Shell,Stephie,Shell.Stephie@yopmail.com,developer
709,Feliza,Pascia,Feliza.Pascia@yopmail.com,worker
710,Tierney,Ummersen,Tierney.Ummersen@yopmail.com,firefighter
711,Marcy,Jary,Marcy.Jary@yopmail.com,developer
712,Ardys,Hertzfeld,Ardys.Hertzfeld@yopmail.com,developer
713,Collen,Eldrid,Collen.Eldrid@yopmail.com,firefighter
714,Sonni,Parette,Sonni.Parette@yopmail.com,police officer
715,Ethel,Teryn,Ethel.Teryn@yopmail.com,worker
716,Rosabelle,Talia,Rosabelle.Talia@yopmail.com,worker
717,Sabina,Klotz,Sabina.Klotz@yopmail.com,police officer
718,Georgina,Roarke,Georgina.Roarke@yopmail.com,doctor
719,Cordi,Leifeste,Cordi.Leifeste@yopmail.com,police officer
720,Konstance,Love,Konstance.Love@yopmail.com,police officer
721,Emilia,Wareing,Emilia.Wareing@yopmail.com,firefighter
722,Annora,Cecile,Annora.Cecile@yopmail.com,police officer
723,Elbertina,Fulmer,Elbertina.Fulmer@yopmail.com,firefighter
724,Cacilie,Eugenia,Cacilie.Eugenia@yopmail.com,firefighter
725,Lolita,Cressida,Lolita.Cressida@yopmail.com,doctor
726,Marnia,Melan,Marnia.Melan@yopmail.com,developer
727,Beatriz,Robertson,Beatriz.Robertson@yopmail.com,firefighter
728,Shell,Johanna,Shell.Johanna@yopmail.com,developer
729,Eolanda,Ammann,Eolanda.Ammann@yopmail.com,developer
730,Phedra,Lalitta,Phedra.Lalitta@yopmail.com,doctor
731,Janis,Chrystel,Janis.Chrystel@yopmail.com,doctor
732,Brynna,Greyson,Brynna.Greyson@yopmail.com,police officer
733,Chrystel,Hertzfeld,Chrystel.Hertzfeld@yopmail.com,police officer
734,Maryellen,Fiann,Maryellen.Fiann@yopmail.com,firefighter
735,Corry,Louanna,Corry.Louanna@yopmail.com,firefighter
736,Teriann,Madelene,Teriann.Madelene@yopmail.com,worker
737,Fernande,Ralfston,Fernande.Ralfston@yopmail.com,firefighter
738,Tabbatha,Dex,Tabbatha.Dex@yopmail.com,developer
739,Rivalee,Loeb,Rivalee.Loeb@yopmail.com,police officer
740,Marnia,Sikorski,Marnia.Sikorski@yopmail.com,firefighter
741,Flo,Ardra,Flo.Ardra@yopmail.com,worker
742,Althea,Leffen,Althea.Leffen@yopmail.com,worker
743,Carree,Rosemary,Carree.Rosemary@yopmail.com,worker
744,Emmey,Yam,Emmey.Yam@yopmail.com,firefighter
745,Rani,Gaynor,Rani.Gaynor@yopmail.com,doctor
746,Karina,Lucienne,Karina.Lucienne@yopmail.com,doctor
747,Sherrie,Calhoun,Sherrie.Calhoun@yopmail.com,firefighter
748,Hallie,LaRue,Hallie.LaRue@yopmail.com,doctor
749,Wileen,Suzetta,Wileen.Suzetta@yopmail.com,developer
750,Mathilda,Elephus,Mathilda.Elephus@yopmail.com,developer
751,Maurene,Bohlin,Maurene.Bohlin@yopmail.com,worker
752,Dari,Noelyn,Dari.Noelyn@yopmail.com,police officer
753,Lyssa,Anselmi,Lyssa.Anselmi@yopmail.com,worker
754,Ilse,Elvyn,Ilse.Elvyn@yopmail.com,doctor
755,Millie,Sisile,Millie.Sisile@yopmail.com,firefighter
756,Trudie,Erich,Trudie.Erich@yopmail.com,police officer
757,Correy,Korey,Correy.Korey@yopmail.com,firefighter
758,Gilligan,Krystle,Gilligan.Krystle@yopmail.com,worker
759,Isa,Urania,Isa.Urania@yopmail.com,developer
760,Melodie,Teryn,Melodie.Teryn@yopmail.com,developer
761,Eolanda,Catie,Eolanda.Catie@yopmail.com,police officer
762,Penelopa,Sherrie,Penelopa.Sherrie@yopmail.com,worker
763,Dyann,Prouty,Dyann.Prouty@yopmail.com,doctor
764,Tani,Lytton,Tani.Lytton@yopmail.com,worker
765,Anallese,Dorcy,Anallese.Dorcy@yopmail.com,developer
766,Ashlee,Susannah,Ashlee.Susannah@yopmail.com,police officer
767,Lacie,Richers,Lacie.Richers@yopmail.com,doctor
768,Mady,Lanita,Mady.Lanita@yopmail.com,police officer
769,Gratia,Tannie,Gratia.Tannie@yopmail.com,developer
770,Juliane,Jary,Juliane.Jary@yopmail.com,firefighter
771,Codie,Bertold,Codie.Bertold@yopmail.com,worker
772,Kathi,Infield,Kathi.Infield@yopmail.com,doctor
773,Isa,Armanda,Isa.Armanda@yopmail.com,police officer
774,Bill,Berne,Bill.Berne@yopmail.com,worker
775,Keelia,Gert,Keelia.Gert@yopmail.com,police officer
776,Gusty,Vernier,Gusty.Vernier@yopmail.com,developer
777,Isa,Greenwald,Isa.Greenwald@yopmail.com,firefighter
778,Anica,Maiah,Anica.Maiah@yopmail.com,developer
779,Lexine,Tamar,Lexine.Tamar@yopmail.com,police officer
780,Catrina,Maurine,Catrina.Maurine@yopmail.com,doctor
781,Georgina,Brandice,Georgina.Brandice@yopmail.com,police officer
782,Averyl,Kinnard,Averyl.Kinnard@yopmail.com,doctor
783,Fina,Catie,Fina.Catie@yopmail.com,worker
784,Melodie,Colbert,Melodie.Colbert@yopmail.com,developer
785,Heida,Duwalt,Heida.Duwalt@yopmail.com,worker
786,Nariko,Capello,Nariko.Capello@yopmail.com,doctor
787,Jeanna,Dermott,Jeanna.Dermott@yopmail.com,firefighter
788,Jaclyn,Infield,Jaclyn.Infield@yopmail.com,worker
789,Trixi,Beniamino,Trixi.Beniamino@yopmail.com,worker
790,Elie,Winnick,Elie.Winnick@yopmail.com,doctor
791,Sean,Madaih,Sean.Madaih@yopmail.com,firefighter
792,Shaylyn,Ariella,Shaylyn.Ariella@yopmail.com,worker
793,Rani,Stav,Rani.Stav@yopmail.com,worker
794,Moyna,Travax,Moyna.Travax@yopmail.com,firefighter
795,Lynnea,Lory,Lynnea.Lory@yopmail.com,worker
796,Marsiella,Sawtelle,Marsiella.Sawtelle@yopmail.com,developer
797,Cordi,Bashemeth,Cordi.Bashemeth@yopmail.com,police officer
798,Tarra,Orpah,Tarra.Orpah@yopmail.com,developer
799,Priscilla,Birdella,Priscilla.Birdella@yopmail.com,developer
800,Bettine,Shuler,Bettine.Shuler@yopmail.com,doctor
801,Jean,Gerge,Jean.Gerge@yopmail.com,police officer
802,Trudie,Lissi,Trudie.Lissi@yopmail.com,police officer
803,Concettina,Ehrman,Concettina.Ehrman@yopmail.com,doctor
804,Bobinette,Annice,Bobinette.Annice@yopmail.com,firefighter
805,Katuscha,Jerald,Katuscha.Jerald@yopmail.com,police officer
806,Viki,Kevon,Viki.Kevon@yopmail.com,doctor
807,Odessa,Emmaline,Odessa.Emmaline@yopmail.com,developer
808,Marnia,Bivins,Marnia.Bivins@yopmail.com,firefighter
809,Kristan,Peti,Kristan.Peti@yopmail.com,developer
810,Sabina,Firmin,Sabina.Firmin@yopmail.com,police officer
811,Diena,Mendez,Diena.Mendez@yopmail.com,worker
812,Emylee,Ardeha,Emylee.Ardeha@yopmail.com,police officer
813,Gloria,Stanwood,Gloria.Stanwood@yopmail.com,doctor
814,Berget,Tristram,Berget.Tristram@yopmail.com,doctor
815,Aurelie,Mendez,Aurelie.Mendez@yopmail.com,firefighter
816,Keelia,Annice,Keelia.Annice@yopmail.com,doctor
817,Elise,Georas,Elise.Georas@yopmail.com,developer
818,Amara,O'Neill,Amara.O'Neill@yopmail.com,worker
819,Ariela,Skell,Ariela.Skell@yopmail.com,worker
820,Marcy,Havens,Marcy.Havens@yopmail.com,firefighter
821,Basia,Azeria,Basia.Azeria@yopmail.com,developer
822,Merrie,Gilbertson,Merrie.Gilbertson@yopmail.com,firefighter
823,Catrina,Stelle,Catrina.Stelle@yopmail.com,worker
824,Sashenka,Nicoline,Sashenka.Nicoline@yopmail.com,doctor
825,Tamqrah,Natica,Tamqrah.Natica@yopmail.com,police officer
826,Therine,Dawkins,Therine.Dawkins@yopmail.com,police officer
827,Sue,Ader,Sue.Ader@yopmail.com,firefighter
828,Miquela,Elsinore,Miquela.Elsinore@yopmail.com,doctor
829,Brooks,Blake,Brooks.Blake@yopmail.com,worker
830,Mireielle,Tippets,Mireielle.Tippets@yopmail.com,police officer
831,Chloris,Jaylene,Chloris.Jaylene@yopmail.com,worker
832,Kial,Dearborn,Kial.Dearborn@yopmail.com,police officer
833,Krystle,Annabella,Krystle.Annabella@yopmail.com,worker
834,Halette,Jeanne,Halette.Jeanne@yopmail.com,developer
835,Lindie,Rosette,Lindie.Rosette@yopmail.com,police officer
836,Tiffie,Goth,Tiffie.Goth@yopmail.com,doctor
837,Lucille,Morgun,Lucille.Morgun@yopmail.com,worker
838,Dorice,Michella,Dorice.Michella@yopmail.com,doctor
839,Dania,Leonard,Dania.Leonard@yopmail.com,doctor
840,Dotty,Alice,Dotty.Alice@yopmail.com,police officer
841,Sharlene,Wilkinson,Sharlene.Wilkinson@yopmail.com,worker
842,Olwen,Carri,Olwen.Carri@yopmail.com,doctor
843,Alexine,Kiyoshi,Alexine.Kiyoshi@yopmail.com,police officer
844,Jerry,Kellby,Jerry.Kellby@yopmail.com,police officer
845,Vinita,Ioab,Vinita.Ioab@yopmail.com,developer
846,Georgina,Cohdwell,Georgina.Cohdwell@yopmail.com,doctor
847,Mariele,Redmond,Mariele.Redmond@yopmail.com,police officer
848,Annabela,Poppy,Annabela.Poppy@yopmail.com,firefighter
849,Helsa,Auberbach,Helsa.Auberbach@yopmail.com,worker
850,Sharlene,Lacombe,Sharlene.Lacombe@yopmail.com,firefighter
851,Berget,Christine,Berget.Christine@yopmail.com,worker
852,Lisette,Pulsifer,Lisette.Pulsifer@yopmail.com,developer
853,Jean,Yorick,Jean.Yorick@yopmail.com,developer
854,Adelle,Goth,Adelle.Goth@yopmail.com,firefighter
855,Ginnie,Drus,Ginnie.Drus@yopmail.com,worker
856,Pollyanna,Morrill,Pollyanna.Morrill@yopmail.com,worker
857,Caryl,Seessel,Caryl.Seessel@yopmail.com,worker
858,Collen,Baudin,Collen.Baudin@yopmail.com,worker
859,Giustina,Chesna,Giustina.Chesna@yopmail.com,worker
860,Ardenia,Adrienne,Ardenia.Adrienne@yopmail.com,worker
861,Fidelia,Stacy,Fidelia.Stacy@yopmail.com,firefighter
862,Laurene,Zenas,Laurene.Zenas@yopmail.com,developer
863,Agnese,Daniele,Agnese.Daniele@yopmail.com,developer
864,Corly,Juliet,Corly.Juliet@yopmail.com,developer
865,Alejandra,Raseda,Alejandra.Raseda@yopmail.com,doctor
866,Basia,Richers,Basia.Richers@yopmail.com,developer
867,Joelly,Jena,Joelly.Jena@yopmail.com,doctor
868,Lexine,Tybald,Lexine.Tybald@yopmail.com,police officer
869,Gloria,Lalitta,Gloria.Lalitta@yopmail.com,worker
870,Lyssa,Serilda,Lyssa.Serilda@yopmail.com,police officer
871,Libbie,Obed,Libbie.Obed@yopmail.com,worker
872,Genevra,Dielu,Genevra.Dielu@yopmail.com,developer
873,Minda,Waldron,Minda.Waldron@yopmail.com,police officer
874,Bobbi,Kenwood,Bobbi.Kenwood@yopmail.com,doctor
875,Annice,Clara,Annice.Clara@yopmail.com,police officer
876,Ulrike,Hermes,Ulrike.Hermes@yopmail.com,developer
877,Annaliese,Lesley,Annaliese.Lesley@yopmail.com,worker
878,Rani,Blake,Rani.Blake@yopmail.com,worker
879,Margette,Zaslow,Margette.Zaslow@yopmail.com,developer
880,Grier,Horan,Grier.Horan@yopmail.com,worker
881,Kathi,Willie,Kathi.Willie@yopmail.com,doctor
882,Sadie,Nea,Sadie.Nea@yopmail.com,doctor
883,Drucie,Letsou,Drucie.Letsou@yopmail.com,developer
884,Raf,Korey,Raf.Korey@yopmail.com,developer
885,Michaelina,Naashom,Michaelina.Naashom@yopmail.com,police officer
886,Elora,Judye,Elora.Judye@yopmail.com,developer
887,Candi,Hanleigh,Candi.Hanleigh@yopmail.com,firefighter
888,Kassey,Lasley,Kassey.Lasley@yopmail.com,firefighter
889,Nonnah,Jotham,Nonnah.Jotham@yopmail.com,worker
890,Almeta,Burch,Almeta.Burch@yopmail.com,developer
891,Jackie,Juliet,Jackie.Juliet@yopmail.com,worker
892,Leanna,Leopold,Leanna.Leopold@yopmail.com,worker
893,Phylis,Trace,Phylis.Trace@yopmail.com,worker
894,Adelle,Wenda,Adelle.Wenda@yopmail.com,police officer
895,Kalina,Breed,Kalina.Breed@yopmail.com,doctor
896,Shannah,Glenden,Shannah.Glenden@yopmail.com,police officer
897,Maridel,Martguerita,Maridel.Martguerita@yopmail.com,firefighter
898,Bill,Vale,Bill.Vale@yopmail.com,firefighter
899,Christal,Mandler,Christal.Mandler@yopmail.com,doctor
900,Grier,Goddard,Grier.Goddard@yopmail.com,doctor
901,Melanie,Lowry,Melanie.Lowry@yopmail.com,doctor
902,Renie,Gino,Renie.Gino@yopmail.com,firefighter
903,Margette,Rhu,Margette.Rhu@yopmail.com,firefighter
904,Di,Rubie,Di.Rubie@yopmail.com,developer
905,Roslyn,Jillane,Roslyn.Jillane@yopmail.com,doctor
906,Susette,Nea,Susette.Nea@yopmail.com,developer
907,Tracey,Alcott,Tracey.Alcott@yopmail.com,developer
908,Dale,Read,Dale.Read@yopmail.com,worker
909,Frank,Haerr,Frank.Haerr@yopmail.com,doctor
910,Kaia,Auberbach,Kaia.Auberbach@yopmail.com,developer
911,Veda,Bevin,Veda.Bevin@yopmail.com,police officer
912,Aubrie,Destinee,Aubrie.Destinee@yopmail.com,worker
913,Donnie,Ietta,Donnie.Ietta@yopmail.com,developer
914,Lynde,Sandye,Lynde.Sandye@yopmail.com,worker
915,Jaclyn,Delila,Jaclyn.Delila@yopmail.com,police officer
916,Drucie,Devlen,Drucie.Devlen@yopmail.com,firefighter
917,Gilda,Fulmer,Gilda.Fulmer@yopmail.com,police officer
918,Paola,Bluh,Paola.Bluh@yopmail.com,worker
919,Jessy,Darrell,Jessy.Darrell@yopmail.com,firefighter
920,Jennica,Stacy,Jennica.Stacy@yopmail.com,firefighter
921,Jasmina,LaRue,Jasmina.LaRue@yopmail.com,firefighter
922,Oona,Cimbura,Oona.Cimbura@yopmail.com,firefighter
923,Gavrielle,Gusella,Gavrielle.Gusella@yopmail.com,police officer
924,Netty,Talia,Netty.Talia@yopmail.com,doctor
925,Delilah,Lattie,Delilah.Lattie@yopmail.com,police officer
926,Myrtice,Bobbee,Myrtice.Bobbee@yopmail.com,police officer
927,Emylee,Henrie,Emylee.Henrie@yopmail.com,developer
928,Lila,Bevin,Lila.Bevin@yopmail.com,doctor
929,Cindelyn,Jorgan,Cindelyn.Jorgan@yopmail.com,firefighter
930,Barbi,Danby,Barbi.Danby@yopmail.com,worker
931,Bertine,Turne,Bertine.Turne@yopmail.com,worker
932,Mariann,Gaal,Mariann.Gaal@yopmail.com,doctor
933,Susan,Sprage,Susan.Sprage@yopmail.com,firefighter
934,Mireielle,Sholley,Mireielle.Sholley@yopmail.com,firefighter
935,Rozele,Ludewig,Rozele.Ludewig@yopmail.com,worker
936,Rebeca,Jagir,Rebeca.Jagir@yopmail.com,worker
937,Marsiella,Kellby,Marsiella.Kellby@yopmail.com,police officer
938,Collen,Fulmer,Collen.Fulmer@yopmail.com,worker
939,Gabi,Cullin,Gabi.Cullin@yopmail.com,worker
940,Justinn,Anselmi,Justinn.Anselmi@yopmail.com,firefighter
941,Penelopa,Oneida,Penelopa.Oneida@yopmail.com,firefighter
942,Ofilia,Zina,Ofilia.Zina@yopmail.com,doctor
943,Dorice,Grosz,Dorice.Grosz@yopmail.com,firefighter
944,Gwyneth,Estella,Gwyneth.Estella@yopmail.com,police officer
945,Natka,Sasnett,Natka.Sasnett@yopmail.com,worker
946,Krystle,Othilia,Krystle.Othilia@yopmail.com,firefighter
947,Briney,Dahlia,Briney.Dahlia@yopmail.com,firefighter
948,Courtnay,Roarke,Courtnay.Roarke@yopmail.com,doctor
949,Elsie,Alabaster,Elsie.Alabaster@yopmail.com,developer
950,Lynnea,Love,Lynnea.Love@yopmail.com,firefighter
951,Imojean,Cimbura,Imojean.Cimbura@yopmail.com,police officer
952,Lauryn,Gladstone,Lauryn.Gladstone@yopmail.com,police officer
953,Harrietta,Bach,Harrietta.Bach@yopmail.com,doctor
954,Cindelyn,Klotz,Cindelyn.Klotz@yopmail.com,firefighter
955,Babita,Bergman,Babita.Bergman@yopmail.com,doctor
956,Sabina,Lareena,Sabina.Lareena@yopmail.com,developer
957,Misha,Karylin,Misha.Karylin@yopmail.com,worker
958,Penelopa,Gualtiero,Penelopa.Gualtiero@yopmail.com,doctor
959,Magdalena,Suk,Magdalena.Suk@yopmail.com,firefighter
960,Mignon,Mata,Mignon.Mata@yopmail.com,firefighter
961,Nataline,Plato,Nataline.Plato@yopmail.com,firefighter
962,Roz,Montgomery,Roz.Montgomery@yopmail.com,firefighter
963,Minne,Jotham,Minne.Jotham@yopmail.com,worker
964,Nelle,Boycey,Nelle.Boycey@yopmail.com,doctor
965,Esmeralda,Wareing,Esmeralda.Wareing@yopmail.com,police officer
966,Shell,Sophronia,Shell.Sophronia@yopmail.com,doctor
967,Chickie,Othilia,Chickie.Othilia@yopmail.com,police officer
968,Madeleine,Damarra,Madeleine.Damarra@yopmail.com,worker
969,Gratia,Devlen,Gratia.Devlen@yopmail.com,doctor
970,Korrie,Guthrie,Korrie.Guthrie@yopmail.com,developer
971,Fred,Chandler,Fred.Chandler@yopmail.com,worker
972,Dulcinea,Adore,Dulcinea.Adore@yopmail.com,developer
973,Almeta,Viddah,Almeta.Viddah@yopmail.com,police officer
974,Hyacinthe,Bandeen,Hyacinthe.Bandeen@yopmail.com,doctor
975,Gilda,Wind,Gilda.Wind@yopmail.com,developer
976,Perry,Smitt,Perry.Smitt@yopmail.com,worker
977,Tracey,Casimir,Tracey.Casimir@yopmail.com,firefighter
978,Britte,Dulciana,Britte.Dulciana@yopmail.com,doctor
979,Annice,Redmond,Annice.Redmond@yopmail.com,police officer
980,Talya,Hewitt,Talya.Hewitt@yopmail.com,developer
981,Philis,Rogerio,Philis.Rogerio@yopmail.com,firefighter
982,Shell,Stuart,Shell.Stuart@yopmail.com,worker
983,Yvonne,Rosalba,Yvonne.Rosalba@yopmail.com,doctor
984,Vanessa,Kelula,Vanessa.Kelula@yopmail.com,firefighter
985,Yolane,Yorick,Yolane.Yorick@yopmail.com,firefighter
986,Sindee,Ledah,Sindee.Ledah@yopmail.com,police officer
987,Odessa,Taima,Odessa.Taima@yopmail.com,doctor
988,Ardeen,Vilma,Ardeen.Vilma@yopmail.com,police officer
989,Winny,Longfellow,Winny.Longfellow@yopmail.com,firefighter
990,Dorene,Noman,Dorene.Noman@yopmail.com,developer
991,Bill,Claudine,Bill.Claudine@yopmail.com,police officer
992,Nonnah,Gusella,Nonnah.Gusella@yopmail.com,firefighter
993,Adele,Gemini,Adele.Gemini@yopmail.com,firefighter
994,Karlee,Nunci,Karlee.Nunci@yopmail.com,worker
995,Myrtice,Holtz,Myrtice.Holtz@yopmail.com,doctor
996,Lanae,Iphlgenia,Lanae.Iphlgenia@yopmail.com,firefighter
997,Glynnis,Markman,Glynnis.Markman@yopmail.com,developer
998,Magdalena,Zrike,Magdalena.Zrike@yopmail.com,worker
999,Cissiee,Oriana,Cissiee.Oriana@yopmail.com,worker
1000,Wanda,Lowry,Wanda.Lowry@yopmail.com,doctor
1001,Lindie,Publia,Lindie.Publia@yopmail.com,police officer
1002,Tracey,Cyrie,Tracey.Cyrie@yopmail.com,worker
1003,Petronia,Chesna,Petronia.Chesna@yopmail.com,firefighter
1004,Ekaterina,Ventre,Ekaterina.Ventre@yopmail.com,worker
1005,Ilse,Whiffen,Ilse.Whiffen@yopmail.com,doctor
1006,Brana,Blase,Brana.Blase@yopmail.com,doctor
1007,Olwen,Ilka,Olwen.Ilka@yopmail.com,worker
1008,Sissy,Brackely,Sissy.Brackely@yopmail.com,firefighter
1009,Rozele,Cloris,Rozele.Cloris@yopmail.com,developer
1010,Hannis,Belanger,Hannis.Belanger@yopmail.com,developer
1011,Winifred,Nedrud,Winifred.Nedrud@yopmail.com,firefighter
1012,Etta,Juan,Etta.Juan@yopmail.com,doctor
1013,Siana,Sharl,Siana.Sharl@yopmail.com,doctor
1014,Ann-Marie,Joeann,Ann-Marie.Joeann@yopmail.com,firefighter
1015,Bernie,Leary,Bernie.Leary@yopmail.com,doctor
1016,Margalo,Alarise,Margalo.Alarise@yopmail.com,firefighter
1017,Dari,Henrie,Dari.Henrie@yopmail.com,police officer
1018,Lynde,Henrie,Lynde.Henrie@yopmail.com,doctor
1019,Candi,Masao,Candi.Masao@yopmail.com,worker
1020,Edee,Callista,Edee.Callista@yopmail.com,firefighter
1021,Mahalia,Kenney,Mahalia.Kenney@yopmail.com,firefighter
1022,Cyndie,Emmy,Cyndie.Emmy@yopmail.com,police officer
1023,Ginnie,Swigart,Ginnie.Swigart@yopmail.com,firefighter
1024,Dyann,Mullane,Dyann.Mullane@yopmail.com,doctor
1025,Gwenneth,Vins,Gwenneth.Vins@yopmail.com,doctor
1026,Andeee,Sancho,Andeee.Sancho@yopmail.com,firefighter
1027,Margalo,Letsou,Margalo.Letsou@yopmail.com,doctor
1028,Elise,Seligman,Elise.Seligman@yopmail.com,developer
1029,Etta,Martsen,Etta.Martsen@yopmail.com,firefighter
1030,Morganica,Charity,Morganica.Charity@yopmail.com,developer
1031,Linet,Konyn,Linet.Konyn@yopmail.com,developer
1032,Allyce,Billye,Allyce.Billye@yopmail.com,firefighter
1033,Berget,Zeeba,Berget.Zeeba@yopmail.com,doctor
1034,Devina,Raama,Devina.Raama@yopmail.com,firefighter
1035,Cherrita,Muriel,Cherrita.Muriel@yopmail.com,doctor
1036,Elena,Lytton,Elena.Lytton@yopmail.com,doctor
1037,Janenna,Thunell,Janenna.Thunell@yopmail.com,police officer
1038,Sophia,Cornelia,Sophia.Cornelia@yopmail.com,doctor
1039,Cyndie,Bettine,Cyndie.Bettine@yopmail.com,police officer
1040,Nanete,Maroney,Nanete.Maroney@yopmail.com,firefighter
1041,Lolita,Parsaye,Lolita.Parsaye@yopmail.com,worker
1042,Aryn,Gower,Aryn.Gower@yopmail.com,police officer
1043,Ottilie,Couture,Ottilie.Couture@yopmail.com,police officer
1044,Hettie,Primalia,Hettie.Primalia@yopmail.com,worker
1045,Glenda,Nedrud,Glenda.Nedrud@yopmail.com,developer
1046,Olwen,Howlyn,Olwen.Howlyn@yopmail.com,doctor
1047,Leanna,Alice,Leanna.Alice@yopmail.com,doctor
1048,Annora,Romelda,Annora.Romelda@yopmail.com,developer
1049,Anica,Marijo,Anica.Marijo@yopmail.com,firefighter
1050,Charmaine,Whiffen,Charmaine.Whiffen@yopmail.com,firefighter
1051,Gwenneth,Brunell,Gwenneth.Brunell@yopmail.com,worker
1052,Dominga,Boycey,Dominga.Boycey@yopmail.com,developer
1053,Lila,Gaynor,Lila.Gaynor@yopmail.com,police officer
1054,Meghann,Warthman,Meghann.Warthman@yopmail.com,developer
1055,Berta,Anselmi,Berta.Anselmi@yopmail.com,firefighter
1056,Cyndie,Fontana,Cyndie.Fontana@yopmail.com,worker
1057,Peri,Matthew,Peri.Matthew@yopmail.com,police officer
1058,Fernande,Lewes,Fernande.Lewes@yopmail.com,developer
1059,Valeda,Leonard,Valeda.Leonard@yopmail.com,developer
1060,Alie,Fabiola,Alie.Fabiola@yopmail.com,police officer
1061,Taffy,Sundin,Taffy.Sundin@yopmail.com,firefighter
1062,Camile,Bonucci,Camile.Bonucci@yopmail.com,firefighter
1063,Dorene,Stefa,Dorene.Stefa@yopmail.com,developer
1064,Celisse,Elo,Celisse.Elo@yopmail.com,police officer
1065,Veda,Philipp,Veda.Philipp@yopmail.com,doctor
1066,Leontine,Kathie,Leontine.Kathie@yopmail.com,police officer
1067,Larine,Tillford,Larine.Tillford@yopmail.com,doctor
1068,Kalina,Sammons,Kalina.Sammons@yopmail.com,doctor
1069,Katleen,Parsaye,Katleen.Parsaye@yopmail.com,firefighter
1070,Trixi,Syd,Trixi.Syd@yopmail.com,worker
1071,Rubie,Emmy,Rubie.Emmy@yopmail.com,worker
1072,Shauna,Flyn,Shauna.Flyn@yopmail.com,developer
1073,Helena,Hoenack,Helena.Hoenack@yopmail.com,doctor
1074,Sarette,Diogenes,Sarette.Diogenes@yopmail.com,firefighter
1075,Elka,Clarissa,Elka.Clarissa@yopmail.com,firefighter
1076,Therine,Corrine,Therine.Corrine@yopmail.com,worker
1077,Oona,Stover,Oona.Stover@yopmail.com,worker
1078,Merci,Primalia,Merci.Primalia@yopmail.com,worker
1079,Aili,Thomasina,Aili.Thomasina@yopmail.com,police officer
1080,Deedee,Edee,Deedee.Edee@yopmail.com,firefighter
1081,Lesly,Laverne,Lesly.Laverne@yopmail.com,firefighter
1082,Ilse,Warthman,Ilse.Warthman@yopmail.com,firefighter
1083,Ethel,Bigner,Ethel.Bigner@yopmail.com,worker
1084,Gretal,Toor,Gretal.Toor@yopmail.com,worker
1085,Melanie,Uird,Melanie.Uird@yopmail.com,police officer
1086,Libbie,Merna,Libbie.Merna@yopmail.com,worker
1087,Jeanna,Genna,Jeanna.Genna@yopmail.com,firefighter
1088,Hollie,Bertold,Hollie.Bertold@yopmail.com,doctor
1089,Bernie,Carolin,Bernie.Carolin@yopmail.com,developer
1090,Shannah,Helfand,Shannah.Helfand@yopmail.com,doctor
1091,Averyl,Desai,Averyl.Desai@yopmail.com,doctor
1092,Lelah,Pillsbury,Lelah.Pillsbury@yopmail.com,developer
1093,Elise,Earlie,Elise.Earlie@yopmail.com,police officer
1094,Marsiella,Grimbly,Marsiella.Grimbly@yopmail.com,worker
1095,Olwen,Monaco,Olwen.Monaco@yopmail.com,doctor
1096,Babita,Krystle,Babita.Krystle@yopmail.com,police officer
1097,Gretal,Haldas,Gretal.Haldas@yopmail.com,developer
1098,Libbie,Brackely,Libbie.Brackely@yopmail.com,doctor
1099,Sallie,Fitzsimmons,Sallie.Fitzsimmons@yopmail.com,doctor